Date,Site_Code,Site_Name,Region,Model,Forecast,Lower_80,Upper_80,Lower_95,Upper_95
2026-05-26,S001,Nova London Bridge,London,HoltWinters,3730,2700,4760,2156,5304
2026-05-27,S001,Nova London Bridge,London,HoltWinters,4010,2980,5039,2435,5584
2026-05-28,S001,Nova London Bridge,London,HoltWinters,3919,2890,4949,2345,5494
2026-05-29,S001,Nova London Bridge,London,HoltWinters,5213,4183,6242,3638,6787
2026-05-30,S001,Nova London Bridge,London,HoltWinters,6336,5306,7365,4761,7910
2026-05-31,S001,Nova London Bridge,London,HoltWinters,5587,4558,6617,4013,7162
2026-06-01,S001,Nova London Bridge,London,HoltWinters,3750,2720,4779,2176,5324
2026-06-02,S001,Nova London Bridge,London,HoltWinters,3748,2719,4778,2174,5322
2026-06-03,S001,Nova London Bridge,London,HoltWinters,4028,2998,5057,2453,5602
2026-06-04,S001,Nova London Bridge,London,HoltWinters,3938,2908,4967,2363,5512
2026-06-05,S001,Nova London Bridge,London,HoltWinters,5231,4201,6260,3656,6805
2026-06-06,S001,Nova London Bridge,London,HoltWinters,6354,5324,7383,4780,7928
2026-06-07,S001,Nova London Bridge,London,HoltWinters,5605,4576,6635,4031,7180
2026-06-08,S001,Nova London Bridge,London,HoltWinters,3768,2738,4797,2194,5342
2026-06-09,S001,Nova London Bridge,London,HoltWinters,3766,2737,4796,2192,5340
2026-06-10,S001,Nova London Bridge,London,HoltWinters,4046,3016,5075,2471,5620
2026-06-11,S001,Nova London Bridge,London,HoltWinters,3956,2926,4985,2381,5530
2026-06-12,S001,Nova London Bridge,London,HoltWinters,5249,4219,6278,3675,6823
2026-06-13,S001,Nova London Bridge,London,HoltWinters,6372,5342,7402,4798,7946
2026-06-14,S001,Nova London Bridge,London,HoltWinters,5623,4594,6653,4049,7198
2026-06-15,S001,Nova London Bridge,London,HoltWinters,3786,2756,4816,2212,5360
2026-06-16,S001,Nova London Bridge,London,HoltWinters,3784,2755,4814,2210,5359
2026-06-17,S001,Nova London Bridge,London,HoltWinters,4064,3034,5093,2490,5638
2026-06-18,S001,Nova London Bridge,London,HoltWinters,3974,2944,5003,2400,5548
2026-06-19,S001,Nova London Bridge,London,HoltWinters,5267,4237,6297,3693,6841
2026-06-20,S001,Nova London Bridge,London,HoltWinters,6390,5360,7420,4816,7964
2026-06-21,S001,Nova London Bridge,London,HoltWinters,5642,4612,6671,4067,7216
2026-06-22,S001,Nova London Bridge,London,HoltWinters,3804,2774,4834,2230,5378
2026-06-23,S001,Nova London Bridge,London,HoltWinters,3802,2773,4832,2228,5377
2026-06-24,S001,Nova London Bridge,London,HoltWinters,4082,3052,5112,2508,5656
2026-06-25,S001,Nova London Bridge,London,HoltWinters,3992,2962,5021,2418,5566
2026-06-26,S001,Nova London Bridge,London,HoltWinters,5285,4255,6315,3711,6859
2026-06-27,S001,Nova London Bridge,London,HoltWinters,6408,5378,7438,4834,7982
2026-06-28,S001,Nova London Bridge,London,HoltWinters,5660,4630,6689,4085,7234
2026-06-29,S001,Nova London Bridge,London,HoltWinters,3822,2792,4852,2248,5396
2026-06-30,S001,Nova London Bridge,London,HoltWinters,3821,2791,4850,2246,5395
2026-07-01,S001,Nova London Bridge,London,HoltWinters,4100,3070,5130,2526,5674
2026-07-02,S001,Nova London Bridge,London,HoltWinters,4010,2980,5040,2436,5584
2026-07-03,S001,Nova London Bridge,London,HoltWinters,5303,4273,6333,3729,6877
2026-07-04,S001,Nova London Bridge,London,HoltWinters,6426,5396,7456,4852,8000
2026-07-05,S001,Nova London Bridge,London,HoltWinters,5678,4648,6707,4104,7252
2026-07-06,S001,Nova London Bridge,London,HoltWinters,3840,2811,4870,2266,5414
2026-07-07,S001,Nova London Bridge,London,HoltWinters,3839,2809,4868,2264,5413
2026-07-08,S001,Nova London Bridge,London,HoltWinters,4118,3088,5148,2544,5692
2026-07-09,S001,Nova London Bridge,London,HoltWinters,4028,2998,5058,2454,5602
2026-07-10,S001,Nova London Bridge,London,HoltWinters,5321,4291,6351,3747,6895
2026-07-11,S001,Nova London Bridge,London,HoltWinters,6444,5415,7474,4870,8018
2026-07-12,S001,Nova London Bridge,London,HoltWinters,5696,4666,6725,4122,7270
2026-07-13,S001,Nova London Bridge,London,HoltWinters,3858,2829,4888,2284,5432
2026-07-14,S001,Nova London Bridge,London,HoltWinters,3857,2827,4886,2282,5431
2026-07-15,S001,Nova London Bridge,London,HoltWinters,4136,3106,5166,2562,5710
2026-07-16,S001,Nova London Bridge,London,HoltWinters,4046,3016,5076,2472,5620
2026-07-17,S001,Nova London Bridge,London,HoltWinters,5339,4310,6369,3765,6913
2026-07-18,S001,Nova London Bridge,London,HoltWinters,6462,5433,7492,4888,8036
2026-07-19,S001,Nova London Bridge,London,HoltWinters,5714,4684,6744,4140,7288
2026-07-20,S001,Nova London Bridge,London,HoltWinters,3876,2847,4906,2302,5451
2026-07-21,S001,Nova London Bridge,London,HoltWinters,3875,2845,4904,2301,5449
2026-07-22,S001,Nova London Bridge,London,HoltWinters,4154,3125,5184,2580,5728
2026-07-23,S001,Nova London Bridge,London,HoltWinters,4064,3034,5094,2490,5638
2026-07-24,S001,Nova London Bridge,London,HoltWinters,5357,4328,6387,3783,6931
2026-07-25,S001,Nova London Bridge,London,HoltWinters,6480,5451,7510,4906,8055
2026-07-26,S001,Nova London Bridge,London,HoltWinters,5732,4702,6762,4158,7306
2026-07-27,S001,Nova London Bridge,London,HoltWinters,3894,2865,4924,2320,5469
2026-07-28,S001,Nova London Bridge,London,HoltWinters,3893,2863,4923,2319,5467
2026-07-29,S001,Nova London Bridge,London,HoltWinters,4172,3143,5202,2598,5746
2026-07-30,S001,Nova London Bridge,London,HoltWinters,4082,3053,5112,2508,5656
2026-07-31,S001,Nova London Bridge,London,HoltWinters,5375,4346,6405,3801,6950
2026-08-01,S001,Nova London Bridge,London,HoltWinters,6498,5469,7528,4924,8073
2026-08-02,S001,Nova London Bridge,London,HoltWinters,5750,4720,6780,4176,7324
2026-08-03,S001,Nova London Bridge,London,HoltWinters,3913,2883,4942,2338,5487
2026-08-04,S001,Nova London Bridge,London,HoltWinters,3911,2881,4941,2337,5485
2026-08-05,S001,Nova London Bridge,London,HoltWinters,4190,3161,5220,2616,5765
2026-08-06,S001,Nova London Bridge,London,HoltWinters,4100,3071,5130,2526,5674
2026-08-07,S001,Nova London Bridge,London,HoltWinters,5393,4364,6423,3819,6968
2026-08-08,S001,Nova London Bridge,London,HoltWinters,6517,5487,7546,4942,8091
2026-08-09,S001,Nova London Bridge,London,HoltWinters,5768,4739,6798,4194,7342
2026-08-10,S001,Nova London Bridge,London,HoltWinters,3931,2901,4960,2356,5505
2026-08-11,S001,Nova London Bridge,London,HoltWinters,3929,2899,4959,2355,5503
2026-08-12,S001,Nova London Bridge,London,HoltWinters,4208,3179,5238,2634,5783
2026-08-13,S001,Nova London Bridge,London,HoltWinters,4118,3089,5148,2544,5693
2026-08-14,S001,Nova London Bridge,London,HoltWinters,5412,4382,6441,3837,6986
2026-08-15,S001,Nova London Bridge,London,HoltWinters,6535,5505,7564,4960,8109
2026-08-16,S001,Nova London Bridge,London,HoltWinters,5786,4757,6816,4212,7360
2026-08-17,S001,Nova London Bridge,London,HoltWinters,3949,2919,4978,2375,5523
2026-08-18,S001,Nova London Bridge,London,HoltWinters,3947,2917,4977,2373,5521
2026-08-19,S001,Nova London Bridge,London,HoltWinters,4227,3197,5256,2652,5801
2026-08-20,S001,Nova London Bridge,London,HoltWinters,4136,3107,5166,2562,5711
2026-08-21,S001,Nova London Bridge,London,HoltWinters,5430,4400,6459,3855,7004
2026-08-22,S001,Nova London Bridge,London,HoltWinters,6553,5523,7582,4979,8127
2026-08-23,S001,Nova London Bridge,London,HoltWinters,5804,4775,6834,4230,7379
2026-05-26,S002,Nova Manchester Arndale,Manchester,ARIMA,2950,2175,3725,1764,4135
2026-05-27,S002,Nova Manchester Arndale,Manchester,ARIMA,3020,2192,3848,1753,4286
2026-05-28,S002,Nova Manchester Arndale,Manchester,ARIMA,3084,2236,3931,1788,4380
2026-05-29,S002,Nova Manchester Arndale,Manchester,ARIMA,3944,3083,4805,2627,5261
2026-05-30,S002,Nova Manchester Arndale,Manchester,ARIMA,4666,3792,5541,3330,6003
2026-05-31,S002,Nova Manchester Arndale,Manchester,ARIMA,4200,3314,5086,2844,5556
2026-06-01,S002,Nova Manchester Arndale,Manchester,ARIMA,2791,1893,3690,1417,4165
2026-06-02,S002,Nova Manchester Arndale,Manchester,ARIMA,2959,2024,3893,1530,4388
2026-06-03,S002,Nova Manchester Arndale,Manchester,ARIMA,3007,2054,3960,1549,4465
2026-06-04,S002,Nova Manchester Arndale,Manchester,ARIMA,3070,2101,4038,1588,4551
2026-06-05,S002,Nova Manchester Arndale,Manchester,ARIMA,3978,2995,4962,2475,5482
2026-06-06,S002,Nova Manchester Arndale,Manchester,ARIMA,4645,3648,5642,3120,6170
2026-06-07,S002,Nova Manchester Arndale,Manchester,ARIMA,4226,3214,5237,2679,5773
2026-06-08,S002,Nova Manchester Arndale,Manchester,ARIMA,2810,1784,3835,1242,4378
2026-06-09,S002,Nova Manchester Arndale,Manchester,ARIMA,2968,1925,4011,1373,4563
2026-06-10,S002,Nova Manchester Arndale,Manchester,ARIMA,3013,1955,4071,1395,4631
2026-06-11,S002,Nova Manchester Arndale,Manchester,ARIMA,3076,2004,4148,1436,4715
2026-06-12,S002,Nova Manchester Arndale,Manchester,ARIMA,3991,2905,5077,2330,5652
2026-06-13,S002,Nova Manchester Arndale,Manchester,ARIMA,4650,3551,5750,2969,6332
2026-06-14,S002,Nova Manchester Arndale,Manchester,ARIMA,4237,3124,5350,2535,5939
2026-06-15,S002,Nova Manchester Arndale,Manchester,ARIMA,2820,1694,3946,1098,4542
2026-06-16,S002,Nova Manchester Arndale,Manchester,ARIMA,2977,1836,4119,1231,4723
2026-06-17,S002,Nova Manchester Arndale,Manchester,ARIMA,3022,1867,4177,1256,4789
2026-06-18,S002,Nova Manchester Arndale,Manchester,ARIMA,3084,1916,4253,1297,4871
2026-06-19,S002,Nova Manchester Arndale,Manchester,ARIMA,4000,2819,5182,2193,5807
2026-06-20,S002,Nova Manchester Arndale,Manchester,ARIMA,4659,3464,5853,2832,6485
2026-06-21,S002,Nova Manchester Arndale,Manchester,ARIMA,4247,3039,5454,2400,6093
2026-06-22,S002,Nova Manchester Arndale,Manchester,ARIMA,2829,1610,4049,964,4695
2026-06-23,S002,Nova Manchester Arndale,Manchester,ARIMA,2986,1752,4220,1099,4873
2026-06-24,S002,Nova Manchester Arndale,Manchester,ARIMA,3031,1784,4278,1124,4938
2026-06-25,S002,Nova Manchester Arndale,Manchester,ARIMA,3094,1834,4353,1167,5020
2026-06-26,S002,Nova Manchester Arndale,Manchester,ARIMA,4010,2738,5282,2064,5955
2026-06-27,S002,Nova Manchester Arndale,Manchester,ARIMA,4668,3384,5952,2704,6632
2026-06-28,S002,Nova Manchester Arndale,Manchester,ARIMA,4256,2959,5552,2273,6238
2026-06-29,S002,Nova Manchester Arndale,Manchester,ARIMA,2838,1530,4147,837,4840
2026-06-30,S002,Nova Manchester Arndale,Manchester,ARIMA,2995,1673,4318,973,5017
2026-07-01,S002,Nova Manchester Arndale,Manchester,ARIMA,3040,1706,4375,999,5082
2026-07-02,S002,Nova Manchester Arndale,Manchester,ARIMA,3103,1756,4449,1043,5162
2026-07-03,S002,Nova Manchester Arndale,Manchester,ARIMA,4019,2660,5377,1941,6097
2026-07-04,S002,Nova Manchester Arndale,Manchester,ARIMA,4677,3307,6047,2581,6773
2026-07-05,S002,Nova Manchester Arndale,Manchester,ARIMA,4265,2883,5647,2151,6379
2026-07-06,S002,Nova Manchester Arndale,Manchester,ARIMA,2848,1454,4241,716,4979
2026-07-07,S002,Nova Manchester Arndale,Manchester,ARIMA,3005,1598,4411,853,5156
2026-07-08,S002,Nova Manchester Arndale,Manchester,ARIMA,3050,1631,4468,880,5219
2026-07-09,S002,Nova Manchester Arndale,Manchester,ARIMA,3112,1681,4542,924,5300
2026-07-10,S002,Nova Manchester Arndale,Manchester,ARIMA,4028,2586,5470,1823,6233
2026-07-11,S002,Nova Manchester Arndale,Manchester,ARIMA,4686,3233,6139,2464,6909
2026-07-12,S002,Nova Manchester Arndale,Manchester,ARIMA,4274,2809,5739,2034,6514
2026-07-13,S002,Nova Manchester Arndale,Manchester,ARIMA,2857,1381,4333,600,5114
2026-07-14,S002,Nova Manchester Arndale,Manchester,ARIMA,3014,1525,4502,737,5290
2026-07-15,S002,Nova Manchester Arndale,Manchester,ARIMA,3059,1559,4559,765,5353
2026-07-16,S002,Nova Manchester Arndale,Manchester,ARIMA,3121,1610,4632,810,5432
2026-07-17,S002,Nova Manchester Arndale,Manchester,ARIMA,4037,2515,5560,1709,6366
2026-07-18,S002,Nova Manchester Arndale,Manchester,ARIMA,4695,3162,6229,2350,7041
2026-07-19,S002,Nova Manchester Arndale,Manchester,ARIMA,4283,2739,5828,1921,6645
2026-07-20,S002,Nova Manchester Arndale,Manchester,ARIMA,2866,1311,4421,487,5245
2026-07-21,S002,Nova Manchester Arndale,Manchester,ARIMA,3023,1455,4591,625,5420
2026-07-22,S002,Nova Manchester Arndale,Manchester,ARIMA,3068,1489,4647,653,5483
2026-07-23,S002,Nova Manchester Arndale,Manchester,ARIMA,3130,1540,4720,699,5562
2026-07-24,S002,Nova Manchester Arndale,Manchester,ARIMA,4046,2445,5647,1598,6494
2026-07-25,S002,Nova Manchester Arndale,Manchester,ARIMA,4704,3093,6316,2240,7169
2026-07-26,S002,Nova Manchester Arndale,Manchester,ARIMA,4292,2670,5915,1811,6773
2026-07-27,S002,Nova Manchester Arndale,Manchester,ARIMA,2875,1242,4508,378,5372
2026-07-28,S002,Nova Manchester Arndale,Manchester,ARIMA,3032,1387,4677,517,5547
2026-07-29,S002,Nova Manchester Arndale,Manchester,ARIMA,3077,1421,4733,545,5609
2026-07-30,S002,Nova Manchester Arndale,Manchester,ARIMA,3139,1473,4806,591,5688
2026-07-31,S002,Nova Manchester Arndale,Manchester,ARIMA,4055,2378,5732,1490,6620
2026-08-01,S002,Nova Manchester Arndale,Manchester,ARIMA,4714,3026,6401,2133,7295
2026-08-02,S002,Nova Manchester Arndale,Manchester,ARIMA,4301,2603,5999,1705,6898
2026-08-03,S002,Nova Manchester Arndale,Manchester,ARIMA,2884,1176,4593,272,5497
2026-08-04,S002,Nova Manchester Arndale,Manchester,ARIMA,3041,1321,4761,411,5672
2026-08-05,S002,Nova Manchester Arndale,Manchester,ARIMA,3086,1355,4817,439,5733
2026-08-06,S002,Nova Manchester Arndale,Manchester,ARIMA,3149,1407,4890,485,5812
2026-08-07,S002,Nova Manchester Arndale,Manchester,ARIMA,4065,2313,5816,1386,6744
2026-08-08,S002,Nova Manchester Arndale,Manchester,ARIMA,4723,2961,6485,2028,7417
2026-08-09,S002,Nova Manchester Arndale,Manchester,ARIMA,4311,2538,6083,1600,7021
2026-08-10,S002,Nova Manchester Arndale,Manchester,ARIMA,2893,1111,4676,168,5619
2026-08-11,S002,Nova Manchester Arndale,Manchester,ARIMA,3050,1257,4844,307,5794
2026-08-12,S002,Nova Manchester Arndale,Manchester,ARIMA,3095,1291,4900,336,5855
2026-08-13,S002,Nova Manchester Arndale,Manchester,ARIMA,3158,1343,4972,382,5933
2026-08-14,S002,Nova Manchester Arndale,Manchester,ARIMA,4074,2249,5898,1283,6864
2026-08-15,S002,Nova Manchester Arndale,Manchester,ARIMA,4732,2897,6567,1926,7538
2026-08-16,S002,Nova Manchester Arndale,Manchester,ARIMA,4320,2475,6165,1498,7141
2026-08-17,S002,Nova Manchester Arndale,Manchester,ARIMA,2903,1048,4757,66,5739
2026-08-18,S002,Nova Manchester Arndale,Manchester,ARIMA,3059,1193,4926,206,5913
2026-08-19,S002,Nova Manchester Arndale,Manchester,ARIMA,3105,1228,4981,235,5974
2026-08-20,S002,Nova Manchester Arndale,Manchester,ARIMA,3167,1280,5053,282,6052
2026-08-21,S002,Nova Manchester Arndale,Manchester,ARIMA,4083,2186,5979,1182,6983
2026-08-22,S002,Nova Manchester Arndale,Manchester,ARIMA,4741,2835,6648,1825,7657
2026-08-23,S002,Nova Manchester Arndale,Manchester,ARIMA,4329,2413,6245,1398,7260
2026-05-26,S003,Nova Birmingham Bullring,Birmingham,ARIMA,2775,1899,3650,1436,4114
2026-05-27,S003,Nova Birmingham Bullring,Birmingham,ARIMA,3098,2152,4043,1651,4544
2026-05-28,S003,Nova Birmingham Bullring,Birmingham,ARIMA,3055,2085,4025,1571,4538
2026-05-29,S003,Nova Birmingham Bullring,Birmingham,ARIMA,4075,3089,5062,2567,5584
2026-05-30,S003,Nova Birmingham Bullring,Birmingham,ARIMA,4891,3890,5891,3361,6421
2026-05-31,S003,Nova Birmingham Bullring,Birmingham,ARIMA,4333,3319,5347,2782,5884
2026-06-01,S003,Nova Birmingham Bullring,Birmingham,ARIMA,2752,1724,3779,1180,4323
2026-06-02,S003,Nova Birmingham Bullring,Birmingham,ARIMA,2860,1798,3922,1236,4484
2026-06-03,S003,Nova Birmingham Bullring,Birmingham,ARIMA,3091,2009,4172,1436,4745
2026-06-04,S003,Nova Birmingham Bullring,Birmingham,ARIMA,3083,1985,4182,1403,4763
2026-06-05,S003,Nova Birmingham Bullring,Birmingham,ARIMA,4074,2960,5188,2370,5778
2026-06-06,S003,Nova Birmingham Bullring,Birmingham,ARIMA,4837,3708,5967,3110,6565
2026-06-07,S003,Nova Birmingham Bullring,Birmingham,ARIMA,4384,3240,5528,2634,6134
2026-06-08,S003,Nova Birmingham Bullring,Birmingham,ARIMA,2793,1634,3952,1020,4565
2026-06-09,S003,Nova Birmingham Bullring,Birmingham,ARIMA,2874,1697,4052,1074,4675
2026-06-10,S003,Nova Birmingham Bullring,Birmingham,ARIMA,3095,1902,4288,1271,4920
2026-06-11,S003,Nova Birmingham Bullring,Birmingham,ARIMA,3092,1884,4300,1244,4939
2026-06-12,S003,Nova Birmingham Bullring,Birmingham,ARIMA,4079,2856,5302,2209,5949
2026-06-13,S003,Nova Birmingham Bullring,Birmingham,ARIMA,4837,3600,6074,2945,6729
2026-06-14,S003,Nova Birmingham Bullring,Birmingham,ARIMA,4395,3144,5646,2481,6309
2026-06-15,S003,Nova Birmingham Bullring,Birmingham,ARIMA,2802,1537,4068,867,4738
2026-06-16,S003,Nova Birmingham Bullring,Birmingham,ARIMA,2881,1600,4163,921,4841
2026-06-17,S003,Nova Birmingham Bullring,Birmingham,ARIMA,3101,1805,4397,1118,5083
2026-06-18,S003,Nova Birmingham Bullring,Birmingham,ARIMA,3098,1788,4408,1094,5102
2026-06-19,S003,Nova Birmingham Bullring,Birmingham,ARIMA,4085,2761,5409,2060,6110
2026-06-20,S003,Nova Birmingham Bullring,Birmingham,ARIMA,4842,3504,6180,2796,6889
2026-06-21,S003,Nova Birmingham Bullring,Birmingham,ARIMA,4402,3050,5753,2335,6469
2026-06-22,S003,Nova Birmingham Bullring,Birmingham,ARIMA,2809,1444,4174,721,4896
2026-06-23,S003,Nova Birmingham Bullring,Birmingham,ARIMA,2887,1507,4267,776,4998
2026-06-24,S003,Nova Birmingham Bullring,Birmingham,ARIMA,3107,1713,4501,975,5239
2026-06-25,S003,Nova Birmingham Bullring,Birmingham,ARIMA,3104,1696,4512,951,5257
2026-06-26,S003,Nova Birmingham Bullring,Birmingham,ARIMA,4091,2670,5512,1918,6264
2026-06-27,S003,Nova Birmingham Bullring,Birmingham,ARIMA,4848,3414,6282,2655,7042
2026-06-28,S003,Nova Birmingham Bullring,Birmingham,ARIMA,4408,2961,5855,2195,6621
2026-06-29,S003,Nova Birmingham Bullring,Birmingham,ARIMA,2815,1355,4275,582,5047
2026-06-30,S003,Nova Birmingham Bullring,Birmingham,ARIMA,2893,1419,4368,638,5148
2026-07-01,S003,Nova Birmingham Bullring,Birmingham,ARIMA,3113,1625,4601,837,5388
2026-07-02,S003,Nova Birmingham Bullring,Birmingham,ARIMA,3110,1609,4611,814,5405
2026-07-03,S003,Nova Birmingham Bullring,Birmingham,ARIMA,4097,2583,5611,1782,6412
2026-07-04,S003,Nova Birmingham Bullring,Birmingham,ARIMA,4854,3328,6381,2520,7189
2026-07-05,S003,Nova Birmingham Bullring,Birmingham,ARIMA,4414,2875,5952,2060,6767
2026-07-06,S003,Nova Birmingham Bullring,Birmingham,ARIMA,2821,1269,4372,448,5193
2026-07-07,S003,Nova Birmingham Bullring,Birmingham,ARIMA,2899,1334,4464,505,5293
2026-07-08,S003,Nova Birmingham Bullring,Birmingham,ARIMA,3119,1540,4697,705,5532
2026-07-09,S003,Nova Birmingham Bullring,Birmingham,ARIMA,3116,1525,4707,683,5549
2026-07-10,S003,Nova Birmingham Bullring,Birmingham,ARIMA,4103,2500,5706,1651,6555
2026-07-11,S003,Nova Birmingham Bullring,Birmingham,ARIMA,4860,3245,6476,2390,7331
2026-07-12,S003,Nova Birmingham Bullring,Birmingham,ARIMA,4419,2792,6047,1930,6909
2026-07-13,S003,Nova Birmingham Bullring,Birmingham,ARIMA,2827,1187,4466,319,5334
2026-07-14,S003,Nova Birmingham Bullring,Birmingham,ARIMA,2905,1252,4558,377,5433
2026-07-15,S003,Nova Birmingham Bullring,Birmingham,ARIMA,3125,1459,4790,577,5672
2026-07-16,S003,Nova Birmingham Bullring,Birmingham,ARIMA,3122,1444,4800,555,5688
2026-07-17,S003,Nova Birmingham Bullring,Birmingham,ARIMA,4109,2419,5799,1524,6693
2026-07-18,S003,Nova Birmingham Bullring,Birmingham,ARIMA,4866,3164,6568,2263,7469
2026-07-19,S003,Nova Birmingham Bullring,Birmingham,ARIMA,4425,2712,6139,1805,7046
2026-07-20,S003,Nova Birmingham Bullring,Birmingham,ARIMA,2833,1107,4558,194,5471
2026-07-21,S003,Nova Birmingham Bullring,Birmingham,ARIMA,2911,1172,4650,252,5570
2026-07-22,S003,Nova Birmingham Bullring,Birmingham,ARIMA,3131,1380,4881,453,5808
2026-07-23,S003,Nova Birmingham Bullring,Birmingham,ARIMA,3128,1365,4891,432,5824
2026-07-24,S003,Nova Birmingham Bullring,Birmingham,ARIMA,4115,2340,5889,1401,6829
2026-07-25,S003,Nova Birmingham Bullring,Birmingham,ARIMA,4872,3086,6658,2141,7604
2026-07-26,S003,Nova Birmingham Bullring,Birmingham,ARIMA,4431,2634,6229,1682,7180
2026-07-27,S003,Nova Birmingham Bullring,Birmingham,ARIMA,2838,1030,4647,72,5605
2026-07-28,S003,Nova Birmingham Bullring,Birmingham,ARIMA,2917,1095,4739,131,5703
2026-07-29,S003,Nova Birmingham Bullring,Birmingham,ARIMA,3137,1303,4970,332,5941
2026-07-30,S003,Nova Birmingham Bullring,Birmingham,ARIMA,3134,1288,4979,311,5956
2026-07-31,S003,Nova Birmingham Bullring,Birmingham,ARIMA,4121,2264,5978,1281,6961
2026-08-01,S003,Nova Birmingham Bullring,Birmingham,ARIMA,4878,3010,6746,2021,7735
2026-08-02,S003,Nova Birmingham Bullring,Birmingham,ARIMA,4437,2558,6317,1563,7312
2026-08-03,S003,Nova Birmingham Bullring,Birmingham,ARIMA,2844,954,4735,0,5736
2026-08-04,S003,Nova Birmingham Bullring,Birmingham,ARIMA,2923,1020,4826,12,5834
2026-08-05,S003,Nova Birmingham Bullring,Birmingham,ARIMA,3143,1228,5058,214,6071
2026-08-06,S003,Nova Birmingham Bullring,Birmingham,ARIMA,3140,1213,5066,193,6086
2026-08-07,S003,Nova Birmingham Bullring,Birmingham,ARIMA,4127,2189,6064,1163,7090
2026-08-08,S003,Nova Birmingham Bullring,Birmingham,ARIMA,4884,2935,6833,1904,7864
2026-08-09,S003,Nova Birmingham Bullring,Birmingham,ARIMA,4443,2483,6403,1446,7441
2026-08-10,S003,Nova Birmingham Bullring,Birmingham,ARIMA,2850,880,4821,0,5864
2026-08-11,S003,Nova Birmingham Bullring,Birmingham,ARIMA,2929,946,4912,0,5962
2026-08-12,S003,Nova Birmingham Bullring,Birmingham,ARIMA,3148,1154,5143,98,6199
2026-08-13,S003,Nova Birmingham Bullring,Birmingham,ARIMA,3146,1140,5151,78,6213
2026-08-14,S003,Nova Birmingham Bullring,Birmingham,ARIMA,4133,2116,6149,1048,7217
2026-08-15,S003,Nova Birmingham Bullring,Birmingham,ARIMA,4890,2862,6918,1789,7991
2026-08-16,S003,Nova Birmingham Bullring,Birmingham,ARIMA,4449,2411,6488,1331,7567
2026-08-17,S003,Nova Birmingham Bullring,Birmingham,ARIMA,2856,807,4906,0,5991
2026-08-18,S003,Nova Birmingham Bullring,Birmingham,ARIMA,2935,873,4996,0,6088
2026-08-19,S003,Nova Birmingham Bullring,Birmingham,ARIMA,3154,1082,5227,0,6325
2026-08-20,S003,Nova Birmingham Bullring,Birmingham,ARIMA,3152,1068,5235,0,6339
2026-08-21,S003,Nova Birmingham Bullring,Birmingham,ARIMA,4139,2044,6233,935,7342
2026-08-22,S003,Nova Birmingham Bullring,Birmingham,ARIMA,4896,2790,7001,1676,8116
2026-08-23,S003,Nova Birmingham Bullring,Birmingham,ARIMA,4455,2339,6571,1219,7692
2026-05-26,S004,Nova Bristol Cabot,Bristol,ARIMA,2141,1589,2692,1297,2984
2026-05-27,S004,Nova Bristol Cabot,Bristol,ARIMA,2188,1608,2768,1300,3075
2026-05-28,S004,Nova Bristol Cabot,Bristol,ARIMA,2294,1700,2887,1386,3202
2026-05-29,S004,Nova Bristol Cabot,Bristol,ARIMA,2941,2336,3547,2016,3867
2026-05-30,S004,Nova Bristol Cabot,Bristol,ARIMA,3515,2899,4132,2572,4458
2026-05-31,S004,Nova Bristol Cabot,Bristol,ARIMA,3094,2466,3721,2134,4053
2026-06-01,S004,Nova Bristol Cabot,Bristol,ARIMA,2110,1472,2749,1134,3087
2026-06-02,S004,Nova Bristol Cabot,Bristol,ARIMA,2176,1512,2841,1160,3193
2026-06-03,S004,Nova Bristol Cabot,Bristol,ARIMA,2251,1572,2930,1212,3289
2026-06-04,S004,Nova Bristol Cabot,Bristol,ARIMA,2303,1611,2995,1245,3361
2026-06-05,S004,Nova Bristol Cabot,Bristol,ARIMA,2912,2208,3616,1835,3989
2026-06-06,S004,Nova Bristol Cabot,Bristol,ARIMA,3530,2813,4246,2434,4625
2026-06-07,S004,Nova Bristol Cabot,Bristol,ARIMA,3096,2368,3825,1982,4210
2026-06-08,S004,Nova Bristol Cabot,Bristol,ARIMA,2117,1376,2857,985,3248
2026-06-09,S004,Nova Bristol Cabot,Bristol,ARIMA,2189,1434,2943,1035,3343
2026-06-10,S004,Nova Bristol Cabot,Bristol,ARIMA,2267,1500,3033,1094,3439
2026-06-11,S004,Nova Bristol Cabot,Bristol,ARIMA,2312,1534,3091,1122,3503
2026-06-12,S004,Nova Bristol Cabot,Bristol,ARIMA,2917,2127,3707,1709,4126
2026-06-13,S004,Nova Bristol Cabot,Bristol,ARIMA,3540,2739,4342,2315,4766
2026-06-14,S004,Nova Bristol Cabot,Bristol,ARIMA,3105,2293,3918,1863,4348
2026-06-15,S004,Nova Bristol Cabot,Bristol,ARIMA,2126,1302,2950,866,3386
2026-06-16,S004,Nova Bristol Cabot,Bristol,ARIMA,2199,1363,3035,920,3478
2026-06-17,S004,Nova Bristol Cabot,Bristol,ARIMA,2277,1430,3124,981,3573
2026-06-18,S004,Nova Bristol Cabot,Bristol,ARIMA,2322,1464,3181,1010,3635
2026-06-19,S004,Nova Bristol Cabot,Bristol,ARIMA,2927,2058,3796,1598,4256
2026-06-20,S004,Nova Bristol Cabot,Bristol,ARIMA,3550,2670,4430,2205,4896
2026-06-21,S004,Nova Bristol Cabot,Bristol,ARIMA,3115,2225,4006,1754,4477
2026-06-22,S004,Nova Bristol Cabot,Bristol,ARIMA,2136,1235,3037,758,3513
2026-06-23,S004,Nova Bristol Cabot,Bristol,ARIMA,2209,1296,3121,814,3604
2026-06-24,S004,Nova Bristol Cabot,Bristol,ARIMA,2287,1364,3210,875,3698
2026-06-25,S004,Nova Bristol Cabot,Bristol,ARIMA,2332,1399,3265,905,3759
2026-06-26,S004,Nova Bristol Cabot,Bristol,ARIMA,2937,1993,3880,1494,4379
2026-06-27,S004,Nova Bristol Cabot,Bristol,ARIMA,3560,2606,4513,2102,5018
2026-06-28,S004,Nova Bristol Cabot,Bristol,ARIMA,3125,2162,4088,1652,4599
2026-06-29,S004,Nova Bristol Cabot,Bristol,ARIMA,2146,1172,3119,657,3634
2026-06-30,S004,Nova Bristol Cabot,Bristol,ARIMA,2219,1234,3203,713,3724
2026-07-01,S004,Nova Bristol Cabot,Bristol,ARIMA,2297,1302,3291,776,3818
2026-07-02,S004,Nova Bristol Cabot,Bristol,ARIMA,2342,1338,3346,806,3878
2026-07-03,S004,Nova Bristol Cabot,Bristol,ARIMA,2946,1933,3960,1396,4497
2026-07-04,S004,Nova Bristol Cabot,Bristol,ARIMA,3570,2546,4593,2004,5135
2026-07-05,S004,Nova Bristol Cabot,Bristol,ARIMA,3135,2102,4168,1555,4715
2026-07-06,S004,Nova Bristol Cabot,Bristol,ARIMA,2156,1113,3198,561,3750
2026-07-07,S004,Nova Bristol Cabot,Bristol,ARIMA,2229,1176,3282,618,3839
2026-07-08,S004,Nova Bristol Cabot,Bristol,ARIMA,2307,1244,3369,682,3932
2026-07-09,S004,Nova Bristol Cabot,Bristol,ARIMA,2352,1280,3424,712,3991
2026-07-10,S004,Nova Bristol Cabot,Bristol,ARIMA,2956,1875,4038,1302,4610
2026-07-11,S004,Nova Bristol Cabot,Bristol,ARIMA,3580,2489,4670,1912,5248
2026-07-12,S004,Nova Bristol Cabot,Bristol,ARIMA,3145,2045,4244,1463,4827
2026-07-13,S004,Nova Bristol Cabot,Bristol,ARIMA,2165,1057,3274,470,3861
2026-07-14,S004,Nova Bristol Cabot,Bristol,ARIMA,2238,1119,3357,527,3950
2026-07-15,S004,Nova Bristol Cabot,Bristol,ARIMA,2316,1188,3445,591,4042
2026-07-16,S004,Nova Bristol Cabot,Bristol,ARIMA,2362,1224,3499,622,4101
2026-07-17,S004,Nova Bristol Cabot,Bristol,ARIMA,2966,1820,4112,1213,4719
2026-07-18,S004,Nova Bristol Cabot,Bristol,ARIMA,3590,2434,4745,1823,5356
2026-07-19,S004,Nova Bristol Cabot,Bristol,ARIMA,3155,1990,4319,1374,4935
2026-07-20,S004,Nova Bristol Cabot,Bristol,ARIMA,2175,1002,3348,381,3969
2026-07-21,S004,Nova Bristol Cabot,Bristol,ARIMA,2248,1066,3431,440,4057
2026-07-22,S004,Nova Bristol Cabot,Bristol,ARIMA,2326,1135,3518,504,4149
2026-07-23,S004,Nova Bristol Cabot,Bristol,ARIMA,2372,1171,3572,536,4207
2026-07-24,S004,Nova Bristol Cabot,Bristol,ARIMA,2976,1767,4185,1127,4825
2026-07-25,S004,Nova Bristol Cabot,Bristol,ARIMA,3599,2382,4817,1737,5462
2026-07-26,S004,Nova Bristol Cabot,Bristol,ARIMA,3164,1938,4391,1289,5040
2026-07-27,S004,Nova Bristol Cabot,Bristol,ARIMA,2185,950,3420,296,4074
2026-07-28,S004,Nova Bristol Cabot,Bristol,ARIMA,2258,1014,3502,355,4161
2026-07-29,S004,Nova Bristol Cabot,Bristol,ARIMA,2336,1083,3589,420,4253
2026-07-30,S004,Nova Bristol Cabot,Bristol,ARIMA,2381,1120,3643,452,4311
2026-07-31,S004,Nova Bristol Cabot,Bristol,ARIMA,2986,1716,4256,1043,4929
2026-08-01,S004,Nova Bristol Cabot,Bristol,ARIMA,3609,2331,4888,1654,5565
2026-08-02,S004,Nova Bristol Cabot,Bristol,ARIMA,3174,1887,4461,1206,5143
2026-08-03,S004,Nova Bristol Cabot,Bristol,ARIMA,2195,900,3490,214,4176
2026-08-04,S004,Nova Bristol Cabot,Bristol,ARIMA,2268,963,3572,273,4263
2026-08-05,S004,Nova Bristol Cabot,Bristol,ARIMA,2346,1033,3659,338,4354
2026-08-06,S004,Nova Bristol Cabot,Bristol,ARIMA,2391,1070,3713,370,4412
2026-08-07,S004,Nova Bristol Cabot,Bristol,ARIMA,2996,1666,4325,962,5029
2026-08-08,S004,Nova Bristol Cabot,Bristol,ARIMA,3619,2281,4957,1573,5665
2026-08-09,S004,Nova Bristol Cabot,Bristol,ARIMA,3184,1838,4530,1125,5243
2026-08-10,S004,Nova Bristol Cabot,Bristol,ARIMA,2205,850,3559,134,4276
2026-08-11,S004,Nova Bristol Cabot,Bristol,ARIMA,2278,914,3641,193,4363
2026-08-12,S004,Nova Bristol Cabot,Bristol,ARIMA,2356,984,3727,258,4454
2026-08-13,S004,Nova Bristol Cabot,Bristol,ARIMA,2401,1021,3781,291,4511
2026-08-14,S004,Nova Bristol Cabot,Bristol,ARIMA,3006,1618,4394,883,5128
2026-08-15,S004,Nova Bristol Cabot,Bristol,ARIMA,3629,2233,5025,1494,5764
2026-08-16,S004,Nova Bristol Cabot,Bristol,ARIMA,3194,1790,4598,1047,5341
2026-08-17,S004,Nova Bristol Cabot,Bristol,ARIMA,2215,803,3627,55,4374
2026-08-18,S004,Nova Bristol Cabot,Bristol,ARIMA,2288,867,3708,115,4460
2026-08-19,S004,Nova Bristol Cabot,Bristol,ARIMA,2366,937,3795,180,4551
2026-08-20,S004,Nova Bristol Cabot,Bristol,ARIMA,2411,974,3848,213,4609
2026-08-21,S004,Nova Bristol Cabot,Bristol,ARIMA,3015,1570,4460,806,5225
2026-08-22,S004,Nova Bristol Cabot,Bristol,ARIMA,3639,2186,5092,1417,5861
2026-08-23,S004,Nova Bristol Cabot,Bristol,ARIMA,3204,1743,4664,970,5438
2026-05-26,S005,Nova Edinburgh Princes,Edinburgh,HoltWinters,2550,1933,3166,1607,3492
2026-05-27,S005,Nova Edinburgh Princes,Edinburgh,HoltWinters,2626,2009,3242,1683,3568
2026-05-28,S005,Nova Edinburgh Princes,Edinburgh,HoltWinters,2611,1994,3227,1668,3553
2026-05-29,S005,Nova Edinburgh Princes,Edinburgh,HoltWinters,3463,2846,4079,2520,4405
2026-05-30,S005,Nova Edinburgh Princes,Edinburgh,HoltWinters,4072,3455,4688,3129,5014
2026-05-31,S005,Nova Edinburgh Princes,Edinburgh,HoltWinters,3658,3041,4275,2715,4601
2026-06-01,S005,Nova Edinburgh Princes,Edinburgh,HoltWinters,2526,1909,3142,1583,3468
2026-06-02,S005,Nova Edinburgh Princes,Edinburgh,HoltWinters,2564,1947,3180,1621,3506
2026-06-03,S005,Nova Edinburgh Princes,Edinburgh,HoltWinters,2640,2023,3256,1697,3582
2026-06-04,S005,Nova Edinburgh Princes,Edinburgh,HoltWinters,2624,2008,3241,1682,3567
2026-06-05,S005,Nova Edinburgh Princes,Edinburgh,HoltWinters,3477,2860,4093,2534,4419
2026-06-06,S005,Nova Edinburgh Princes,Edinburgh,HoltWinters,4086,3469,4702,3143,5028
2026-06-07,S005,Nova Edinburgh Princes,Edinburgh,HoltWinters,3672,3055,4288,2729,4614
2026-06-08,S005,Nova Edinburgh Princes,Edinburgh,HoltWinters,2540,1923,3156,1597,3482
2026-06-09,S005,Nova Edinburgh Princes,Edinburgh,HoltWinters,2578,1961,3194,1635,3520
2026-06-10,S005,Nova Edinburgh Princes,Edinburgh,HoltWinters,2653,2037,3270,1711,3596
2026-06-11,S005,Nova Edinburgh Princes,Edinburgh,HoltWinters,2638,2022,3255,1696,3581
2026-06-12,S005,Nova Edinburgh Princes,Edinburgh,HoltWinters,3491,2874,4107,2548,4433
2026-06-13,S005,Nova Edinburgh Princes,Edinburgh,HoltWinters,4099,3483,4716,3157,5042
2026-06-14,S005,Nova Edinburgh Princes,Edinburgh,HoltWinters,3686,3069,4302,2743,4628
2026-06-15,S005,Nova Edinburgh Princes,Edinburgh,HoltWinters,2553,1937,3170,1611,3496
2026-06-16,S005,Nova Edinburgh Princes,Edinburgh,HoltWinters,2592,1975,3208,1649,3534
2026-06-17,S005,Nova Edinburgh Princes,Edinburgh,HoltWinters,2667,2051,3284,1725,3610
2026-06-18,S005,Nova Edinburgh Princes,Edinburgh,HoltWinters,2652,2036,3269,1710,3595
2026-06-19,S005,Nova Edinburgh Princes,Edinburgh,HoltWinters,3504,2888,4121,2562,4447
2026-06-20,S005,Nova Edinburgh Princes,Edinburgh,HoltWinters,4113,3497,4730,3171,5056
2026-06-21,S005,Nova Edinburgh Princes,Edinburgh,HoltWinters,3700,3083,4316,2757,4642
2026-06-22,S005,Nova Edinburgh Princes,Edinburgh,HoltWinters,2567,1951,3184,1625,3510
2026-06-23,S005,Nova Edinburgh Princes,Edinburgh,HoltWinters,2605,1989,3222,1663,3548
2026-06-24,S005,Nova Edinburgh Princes,Edinburgh,HoltWinters,2681,2065,3298,1739,3624
2026-06-25,S005,Nova Edinburgh Princes,Edinburgh,HoltWinters,2666,2050,3283,1723,3609
2026-06-26,S005,Nova Edinburgh Princes,Edinburgh,HoltWinters,3518,2902,4135,2576,4461
2026-06-27,S005,Nova Edinburgh Princes,Edinburgh,HoltWinters,4127,3511,4744,3185,5070
2026-06-28,S005,Nova Edinburgh Princes,Edinburgh,HoltWinters,3714,3097,4330,2771,4656
2026-06-29,S005,Nova Edinburgh Princes,Edinburgh,HoltWinters,2581,1965,3198,1639,3524
2026-06-30,S005,Nova Edinburgh Princes,Edinburgh,HoltWinters,2619,2003,3236,1677,3562
2026-07-01,S005,Nova Edinburgh Princes,Edinburgh,HoltWinters,2695,2079,3312,1753,3638
2026-07-02,S005,Nova Edinburgh Princes,Edinburgh,HoltWinters,2680,2063,3296,1737,3623
2026-07-03,S005,Nova Edinburgh Princes,Edinburgh,HoltWinters,3532,2916,4149,2590,4475
2026-07-04,S005,Nova Edinburgh Princes,Edinburgh,HoltWinters,4141,3525,4758,3199,5084
2026-07-05,S005,Nova Edinburgh Princes,Edinburgh,HoltWinters,3727,3111,4344,2785,4670
2026-07-06,S005,Nova Edinburgh Princes,Edinburgh,HoltWinters,2595,1979,3212,1652,3538
2026-07-07,S005,Nova Edinburgh Princes,Edinburgh,HoltWinters,2633,2017,3250,1691,3576
2026-07-08,S005,Nova Edinburgh Princes,Edinburgh,HoltWinters,2709,2092,3326,1766,3652
2026-07-09,S005,Nova Edinburgh Princes,Edinburgh,HoltWinters,2694,2077,3310,1751,3636
2026-07-10,S005,Nova Edinburgh Princes,Edinburgh,HoltWinters,3546,2930,4163,2604,4489
2026-07-11,S005,Nova Edinburgh Princes,Edinburgh,HoltWinters,4155,3538,4772,3212,5098
2026-07-12,S005,Nova Edinburgh Princes,Edinburgh,HoltWinters,3741,3125,4358,2799,4684
2026-07-13,S005,Nova Edinburgh Princes,Edinburgh,HoltWinters,2609,1992,3225,1666,3551
2026-07-14,S005,Nova Edinburgh Princes,Edinburgh,HoltWinters,2647,2031,3264,1705,3590
2026-07-15,S005,Nova Edinburgh Princes,Edinburgh,HoltWinters,2723,2106,3339,1780,3665
2026-07-16,S005,Nova Edinburgh Princes,Edinburgh,HoltWinters,2708,2091,3324,1765,3650
2026-07-17,S005,Nova Edinburgh Princes,Edinburgh,HoltWinters,3560,2944,4177,2617,4503
2026-07-18,S005,Nova Edinburgh Princes,Edinburgh,HoltWinters,4169,3552,4785,3226,5111
2026-07-19,S005,Nova Edinburgh Princes,Edinburgh,HoltWinters,3755,3139,4372,2813,4698
2026-07-20,S005,Nova Edinburgh Princes,Edinburgh,HoltWinters,2623,2006,3239,1680,3565
2026-07-21,S005,Nova Edinburgh Princes,Edinburgh,HoltWinters,2661,2044,3277,1718,3604
2026-07-22,S005,Nova Edinburgh Princes,Edinburgh,HoltWinters,2737,2120,3353,1794,3679
2026-07-23,S005,Nova Edinburgh Princes,Edinburgh,HoltWinters,2722,2105,3338,1779,3664
2026-07-24,S005,Nova Edinburgh Princes,Edinburgh,HoltWinters,3574,2957,4190,2631,4516
2026-07-25,S005,Nova Edinburgh Princes,Edinburgh,HoltWinters,4183,3566,4799,3240,5125
2026-07-26,S005,Nova Edinburgh Princes,Edinburgh,HoltWinters,3769,3153,4386,2827,4712
2026-07-27,S005,Nova Edinburgh Princes,Edinburgh,HoltWinters,2637,2020,3253,1694,3579
2026-07-28,S005,Nova Edinburgh Princes,Edinburgh,HoltWinters,2675,2058,3291,1732,3617
2026-07-29,S005,Nova Edinburgh Princes,Edinburgh,HoltWinters,2751,2134,3367,1808,3693
2026-07-30,S005,Nova Edinburgh Princes,Edinburgh,HoltWinters,2735,2119,3352,1793,3678
2026-07-31,S005,Nova Edinburgh Princes,Edinburgh,HoltWinters,3588,2971,4204,2645,4530
2026-08-01,S005,Nova Edinburgh Princes,Edinburgh,HoltWinters,4197,3580,4813,3254,5139
2026-08-02,S005,Nova Edinburgh Princes,Edinburgh,HoltWinters,3783,3166,4399,2840,4726
2026-08-03,S005,Nova Edinburgh Princes,Edinburgh,HoltWinters,2651,2034,3267,1708,3593
2026-08-04,S005,Nova Edinburgh Princes,Edinburgh,HoltWinters,2689,2072,3305,1746,3631
2026-08-05,S005,Nova Edinburgh Princes,Edinburgh,HoltWinters,2765,2148,3381,1822,3707
2026-08-06,S005,Nova Edinburgh Princes,Edinburgh,HoltWinters,2749,2133,3366,1807,3692
2026-08-07,S005,Nova Edinburgh Princes,Edinburgh,HoltWinters,3602,2985,4218,2659,4544
2026-08-08,S005,Nova Edinburgh Princes,Edinburgh,HoltWinters,4211,3594,4827,3268,5153
2026-08-09,S005,Nova Edinburgh Princes,Edinburgh,HoltWinters,3797,3180,4413,2854,4739
2026-08-10,S005,Nova Edinburgh Princes,Edinburgh,HoltWinters,2664,2048,3281,1722,3607
2026-08-11,S005,Nova Edinburgh Princes,Edinburgh,HoltWinters,2703,2086,3319,1760,3645
2026-08-12,S005,Nova Edinburgh Princes,Edinburgh,HoltWinters,2778,2162,3395,1836,3721
2026-08-13,S005,Nova Edinburgh Princes,Edinburgh,HoltWinters,2763,2147,3380,1821,3706
2026-08-14,S005,Nova Edinburgh Princes,Edinburgh,HoltWinters,3616,2999,4232,2673,4558
2026-08-15,S005,Nova Edinburgh Princes,Edinburgh,HoltWinters,4224,3608,4841,3282,5167
2026-08-16,S005,Nova Edinburgh Princes,Edinburgh,HoltWinters,3811,3194,4427,2868,4753
2026-08-17,S005,Nova Edinburgh Princes,Edinburgh,HoltWinters,2678,2062,3295,1736,3621
2026-08-18,S005,Nova Edinburgh Princes,Edinburgh,HoltWinters,2716,2100,3333,1774,3659
2026-08-19,S005,Nova Edinburgh Princes,Edinburgh,HoltWinters,2792,2176,3409,1850,3735
2026-08-20,S005,Nova Edinburgh Princes,Edinburgh,HoltWinters,2777,2161,3394,1835,3720
2026-08-21,S005,Nova Edinburgh Princes,Edinburgh,HoltWinters,3629,3013,4246,2687,4572
2026-08-22,S005,Nova Edinburgh Princes,Edinburgh,HoltWinters,4238,3622,4855,3296,5181
2026-08-23,S005,Nova Edinburgh Princes,Edinburgh,HoltWinters,3825,3208,4441,2882,4767
